"고유번호","언어","상호명","콘텐츠URL","주소","신주소","전화번호","웹사이트","운영시간","운영요일","휴무일","교통정보"
"23543","ko","문화비축기지","https://korean.visitseoul.net/nature/parksseoul/KOP023543?utm_source=seoulopendata&utm_medium=nature&utm_content=KOP023543","121-250 서울 마포구 성산동 661 ","03914 서울 마포구 증산로 87 (성산동) ","02-376-8410","http://parks.seoul.go.kr/template/sub/culturetank.do","공원-연중무휴 상시개방 / 탱크-10:00~18:00","공원- 연중무휴 상시개방 / 탱크-화요일~일요일","월요일(탱크)","6호선 월드컵경기장역(성산) 2번 출구에서 약 790m (도보 14분) "
"5032","ko","여의도샛강생태공원","https://korean.visitseoul.net/nature/여의도샛강생태공원/KOP005032?utm_source=seoulopendata&utm_medium=nature&utm_content=KOP005032","150-913 서울 영등포구 여의도동 4-9 330","07323 서울 영등포구 여의동로 48 (여의도샛강생태공원 방문자센터) ","02-3780-0570","http://hangang.seoul.go.kr/archives/316/","","월요일 ~ 일요일","","9호선, 신림선 샛강역 4번 출구에서 약 643m (도보 10분) "
"1799","ko","매화근린공원 ","https://korean.visitseoul.net/nature/매화공원/KOP001799?utm_source=seoulopendata&utm_medium=nature&utm_content=KOP001799","157-839 서울특별시 강서구 등촌1동 630-13 ","  ","02-2600-4187","http://parks.seoul.go.kr/parks/detailView.do?pIdx=18","","월요일 ~ 일요일","","9호선 증미역 4번 출구에서 약 59m (도보 1분) "
"5479","ko","서울대공원","https://korean.visitseoul.net/nature/서울대공원/KOP005475?utm_source=seoulopendata&utm_medium=nature&utm_content=KOP005475","427-702 경기 과천시 막계동 159-1 ","13829 경기 과천시 대공원광장로 102 (막계동, 서울대공원) ","02-500-7335","http://grandpark.seoul.go.kr","[동?식물원 테마가든] 하절기(5월~10월) 09:00~19:00  동절기(11~2월) 09:00~17:00  간절기(3~4월, 9~10월) 09:00~18:00 온실식물원 10:00~16:00(연중)","월요일 ~ 일요일 ","연중무휴","4호선 대공원역 2번 출구에서 약 371m (도보 6분)  "
"38861","ko","월드컵공원 반려견놀이터","https://korean.visitseoul.net/nature/월드컵공원-반려견놀이터/KOP038861?utm_source=seoulopendata&utm_medium=nature&utm_content=KOP038861"," 서울 마포구 상암동 1535 ","03901 서울 마포구 증산로 32 (상암동, 안내소) ","02-2124-2835","http://animal.seoul.go.kr/animalplay","","","","6호선 월드컵경기장역 1번 출구에서 약 771m (도보 13분)"
"45595","ko","서대문 홍제폭포","https://korean.visitseoul.net/nature/2024-hongjewaterfall/KOP2xzi3t?utm_source=seoulopendata&utm_medium=nature&utm_content=KOP2xzi3t"," 서울 서대문구 홍은동 429 ","03653 서울 서대문구 연희동 170-181 ","02-2236-9134","","폭포 가동 시간: 연중무휴 08:00 - 21:00","","","3호선 홍제역 4번 출구에서 7713, 7738 버스 탑승, 백련교 정류장에서 하차 후 213m (도보 4분) "
"23466","ko","서울함 공원","https://korean.visitseoul.net/nature/hanriverhamsangpark/KOP023466?utm_source=seoulopendata&utm_medium=nature&utm_content=KOP023466","121-889 서울 마포구 망원동 205-5 ","03954 서울 마포구 마포나루길 407 (망원동, 세븐일레븐) ","02-332-7500","https://www.seoulbattleshippark.com/ ","하절기(3~10월) 평일 10:00~19:00, 주말 10:00~20:00 동절기(11~2월) 평일 10:00~18:00, 주말 10:00~18:00  (*입장 마감은 폐관30분 전까지)","화요일~일요일","매주 월요일, 1월1일, 설날 및 추석 당일 ","6호선 망원역 1번 출구 앞에서 마포09번 버스 탑승, 한강공원입구 정류장에서 하차 후 약 592m (도보 9분) 2,6호선 합정역 1번 출구 앞 홀트아동복지회 정류장에서 마포16번 버스 탑승, 화평교회 버스정류장 하차 후 약 537m (도보 8분)"
"35118","ko","한강예술공원","https://korean.visitseoul.net/nature/한강예술공원/KOP035118?utm_source=seoulopendata&utm_medium=nature&utm_content=KOP035118"," 서울 영등포구 여의도동 8 ","07337 서울 영등포구 여의동로 330 (여의도동, 한강사업본부 여의도안내센터) / 이촌 한강공원, 여의도 한강공원 (작품별 상이)","","http://hangangartpark.kr/main/","24시간","연중무휴","","작품별 상이"
"2029","ko","홍릉시험림(홍릉숲)","https://korean.visitseoul.net/nature/설화수-발란스-스파/KOP002029?utm_source=seoulopendata&utm_medium=nature&utm_content=KOP002029"," 서울 동대문구 청량리동 207 ","02455 서울 동대문구 회기로 57 (청량리동, 국립산림과학원) ","02-961-2777","https://nifos.forest.go.kr/kfsweb/kfi/kfs/cms/cmsView.do?cmsId=FC_001635&mn=UKFR_02_05_02_01","평일 10:30 - 15:30 3월~11월(화~금)-숲해설(10:30, 13:30, 15:30) 주말 09:00 - 18:00 3월~10월(하절기)-자유관람 주말 09:00 - 17:00 11월~2월(동절기)-자유관람 주말 10:30 - 14:00 3월~11월-숲해설(10:30, 14:00)","화요일 ~ 일요일","월요일 / 5월 1일 / 법정공휴일(단, 토요일 또는 일요일이 법정공휴일인 경우엔 휴무)","6호선 고려대역 3번 출구에서 약 636m (도보 9분)"
"3136","ko","청운공원","https://korean.visitseoul.net/nature/청운공원/KOP003136?utm_source=seoulopendata&utm_medium=nature&utm_content=KOP003136"," 서울시 종로구 청운동 3-55 "," 서울시 종로구 창의문로 119 (청운동) ","","","","","","3호선 경복궁역 3번 출구에서 지선버스 7022, 1020, 7012번 탑승, 자하문고개.윤동주문학관 정류장 하차 후 약 194m (도보 6분)"
"1136","ko","석촌호수공원 ","https://korean.visitseoul.net/nature/석촌호수공원/KOP001136?utm_source=seoulopendata&utm_medium=nature&utm_content=KOP001136","138-915 서울 송파구 잠실동 47 ","05608 서울 송파구 삼학사로 136 (서울놀이마당) ","02-412-0190","","","매일","연중무휴","2,8호선 잠실역 2번 출구에서 약 282m (도보 5분)  "
"2257","ko","불광천","https://korean.visitseoul.net/nature/불광천/KOP002257?utm_source=seoulopendata&utm_medium=nature&utm_content=KOP002257"," 서울 은평구 불광동 서대문구 북가좌동 일대 "," 서울 은평구 불광동 서대문구 북가좌동 일대 ","","","","","","6호선 응암역 4번 출구에서 약 185m (도보 2분) "
"11399","ko","뚝섬유원지","https://korean.visitseoul.net/nature/뚝섬유원지/KOP011395?utm_source=seoulopendata&utm_medium=nature&utm_content=KOP011395"," 서울특별시 광진구 자양동 704-1 뚝섬 한강공원","05097 서울특별시 광진구 강변북로 139  (자양동) ","02-3780-0521","","","","","7호선 자양역 2번 출구에서 약 192m (도보 3분)"
"42914","ko","찬바람이 쌩쌩 부는 겨울,  찜질방 데이트","","  ","  ","","","","","",""
"3008","ko","낙성대 공원","https://korean.visitseoul.net/nature/낙성대-공원/KOP003008?utm_source=seoulopendata&utm_medium=nature&utm_content=KOP003008","151-851 서울 관악구 봉천동 228 ","08799 서울 관악구 낙성대로 77 (봉천동, 낙성대공원) ","02-879-6519","http://www.gwanak.go.kr/site/gwanak/05/10503010100002016051205.jsp","","","","2호선 낙성대역 4번 출구에서 약 876m (도보 13분)"
"36947","ko","가을단풍길 - 남산남측순환로","https://korean.visitseoul.net/nature/남산남측순환로/KOP036947?utm_source=seoulopendata&utm_medium=nature&utm_content=KOP036947"," 서울 용산구 용산동2가 산 1-3 ","04340 서울 용산구 남산공원길 126 (용산동2가) ","02-2199-7623(용산구청 공원녹지과)","https://www.seoul.go.kr/storyw/autumn/list.do","","","","3, 4호선 충무로역 또는 3호선 동대입구역 순환버스 01번(남산순환) 탑승 후 '서울타워' 하차"
"2275","ko","노원천문우주과학관 ","https://korean.visitseoul.net/nature/영어과학공원/KOP002275?utm_source=seoulopendata&utm_medium=nature&utm_content=KOP002275","139-863 서울 노원구 중계동 507-1 노원우주학교","01779 서울 노원구 동일로 동일로 205길 13 노원우주학교 ","02-971-6232","https://www.nowoncosmos.or.kr/","오전 9:30~오후 5:30 (*5시까지 입장가능) 천문대 야간관측 금요일, 토요일 야간관측 19:30~21:00","","월요일, 1월 1일, 설날 당일, 추석 당일  공원은 휴무일 없음","7호선 하계역 6번 출구에서 약 501m (도보 7분) "
"4064","ko","길동생태공원","https://korean.visitseoul.net/nature/길동생태공원/KOP004063?utm_source=seoulopendata&utm_medium=nature&utm_content=KOP004063","134-808 서울 강동구 길동 3 ","05291 서울 강동구 천호대로 1291 (길동) ","02-472-2770","http://parks.seoul.go.kr/gildong","09:00 - 16:00   ","화~일","월요일","5호선 길동역 2번 출구에서 약 1.4km (도보 23분)"
"29422","ko","등잔 밑이 어둡다, 우리 동네 보석 같은 공원","","  ","  ","","","","","",""
"2302","ko","불광천 해담는다리","https://korean.visitseoul.net/nature/불광천-해담는다리/KOP002300?utm_source=seoulopendata&utm_medium=nature&utm_content=KOP002300"," 서울 서대문구 북가좌동 345-1 해담는다리","03680 서울 서대문구 불광천길 156 ","02-120","","","","","6호선 증산역 2번 출구에서 약 221m (도보 3분) "
"28280","ko","사직공원","https://korean.visitseoul.net/nature/사직공원/KOP028280?utm_source=seoulopendata&utm_medium=nature&utm_content=KOP028280"," 서울 종로구 사직동 1-28 ","03027 서울 종로구 사직로 89 (사직동) ","02-2148-2835","http://parks.seoul.go.kr/parks/detailView.do?pIdx=106","","","연중무휴","3호선 경복궁역 1번 출구에서 약 337m (도보 6분)"
"1411","ko","강서습지생태공원 ","https://korean.visitseoul.net/nature/강서습지생태공원/KOP001411?utm_source=seoulopendata&utm_medium=nature&utm_content=KOP001411"," 서울특별시 강서구 방화동 47 ","07518 서울특별시 강서구 양천로27길 279-23 ","02-3780-0621","https://hangang.seoul.go.kr/www/contents/675.do?mid=482","참여인원, 신청방법, 진행프로그램 등 세부정보는 서울시공공서비스예약사이트를 참고해 주시길 바랍니다. *단체 및 개인 관찰 -자유롭게 이용 (일출 전,일몰 후에는 출입 제한) ","","","5호선 방화역 1번 출구에서 약 2km (도보 31분) "
"11072","ko","홍익문화공원","https://korean.visitseoul.net/nature/홍대-놀이터/KOP011070?utm_source=seoulopendata&utm_medium=nature&utm_content=KOP011070"," 서울 마포구 서교동 358-36 서교빌딩","04040 서울 마포구 와우산로21길 19-3 서교빌딩","02-120","","","","","6호선 상수역 1번 출구에서 약 549m (도보 8분)"
"39706","ko","서리풀 공원","https://korean.visitseoul.net/nature/서리풀-공원/KOP039706?utm_source=seoulopendata&utm_medium=nature&utm_content=KOP039706"," 서울 서초구 방배동 126-1 서리풀공원","06661 서초동 1005-6 ","02-2155-6861","","","매일","","7호선 내방역 8번 출구에서 약 977m (도보 21분)"
"27296","ko","망우산 사색의 길","https://korean.visitseoul.net/nature/망우산-사색의-길/KOP027296?utm_source=seoulopendata&utm_medium=nature&utm_content=KOP027296","131-800 서울 중랑구 망우동 산 57-1 ","02178 서울 중랑구 망우로 570 (망우묘지관리사무소) ","","","","","","경의중앙선 양원역 2번 출구에서 약 1.5km (도보 29분)"
"35622","ko","화랑대 철도공원","https://korean.visitseoul.net/nature/화랑대철도공원/KOP035622?utm_source=seoulopendata&utm_medium=nature&utm_content=KOP035622"," 서울 노원구 공릉동 29-4 ","01802 서울 노원구 화랑로 608 (공릉동) 화랑대 철도공원","","","24시간 운영","","연중무휴","6호선 화랑대역 4번 출구에서 약 857m (도보 15분) "
"1605","ko","응봉 암벽 등반 공원","https://korean.visitseoul.net/nature/응봉-암벽-등반-공원/KOP001605?utm_source=seoulopendata&utm_medium=nature&utm_content=KOP001605","133-080 서울 성동구 응봉동 269-4","04742 서울특별시 성동구 독서당로60길 13-1 (응봉동) ","02-2286-5674","","","","","경의중앙선 1번 출구에서 약 668m (도보 12분)"
"28776","ko","어린이대공원 반려견 놀이터","https://korean.visitseoul.net/nature/어린이대공원-반려견-놀이터/KOP028776?utm_source=seoulopendata&utm_medium=nature&utm_content=KOP028776"," 서울 광진구 능동 18 ","04991 서울 광진구 능동로 216 (능동, 어린이대공원) ","02-2124-2835","https://animal.seoul.go.kr/animalplay/1","매일 00:00 - 24:00 (동절기 12.21.~다음해 1.31. 휴장)","","※ 단, 동절기(12월 ~1월) 및 우천 등으로 인해 바닥이 젖어 이용이 곤란한 경우에는 개장하지 않습니다. ※ 안전사고 방지 등을 위해 필요 시 운영을 중단할 수 있습니다.","7호선 어린이대공원역 2번 출구에서 약 994m (도보 15분)"
"4823","ko","북서울꿈의숲","https://korean.visitseoul.net/nature/북서울-꿈의-숲/KOP004820?utm_source=seoulopendata&utm_medium=nature&utm_content=KOP004820"," 서울특별시 강북구 번동 산28-6 ","01228 서울특별시 강북구 월계로 173  (번동) ","120","http://parks.seoul.go.kr/template/sub/dreamforest.do","매일 00:00 - 24:00","","","지하철 6호선 돌곶이역 3번 출구, 약 1.5km (도보 23분) "
"27689","ko","아차산","https://korean.visitseoul.net/nature/아차산/KOP027689?utm_source=seoulopendata&utm_medium=nature&utm_content=KOP027689","143-816 서울 광진구 구의동 3-19 ","04948 서울 광진구 영화사로 135 (아차산등산로 입구) ","02-450-1395","","00:00~24:00","매일","","5호선 아차산역 2번 출구에서 약 1km (도보 18분) 5호선 광나루역 1번 출구에서 약 1.1km (도보 20분)"
"39306","ko","인왕산 야경","https://korean.visitseoul.net/nature/인왕산야경/KOP039306?utm_source=seoulopendata&utm_medium=nature&utm_content=KOP039306"," 서울 종로구 무악동 산 2-7 ","03023 서울 종로구 사직동 산 1-24 인왕산 등산로 입구 ","02-2148-1114","","","매일","","3호선 독립문역 3-1번 출구에서 약 825m (도보 20분)"
"38785","ko","응봉산 팔각정 ","https://korean.visitseoul.net/nature/응봉산-팔각정/KOP038785?utm_source=seoulopendata&utm_medium=nature&utm_content=KOP038785"," 서울 성동구 금호동4가 1539 ","04743 서울 성동구 독서당로 362 (응봉산팔각정 공중화장실) ","02-2286-6061","","00:00 ~ 24:00","매일","","경의중앙선 응봉역 1번 출구에서 약 886m (도보 19분)"
"1579","ko","탑골공원","https://korean.visitseoul.net/nature/탑골공원/KOP001577?utm_source=seoulopendata&utm_medium=nature&utm_content=KOP001577","110-122 서울 종로구 종로2가 38-1","110-122 서울특별시 종로구 종로 99 (종로2가) ","02-731-0534","http://parks.seoul.go.kr/parks/detailView.do?pIdx=60","하절기 (3월~10월)        09:00 ~ 18:00 동절기 (11월~2월)        09:00 ~17:00","매일","","1, 3, 5호선 종로3가역 1번 출구에서 약 249m (도보 3분) 1호선 종각역 3번 출구에서 약 413m (도보 7분)"
"2269","ko","고척근린공원","https://korean.visitseoul.net/nature/고척근린공원/KOP002269?utm_source=seoulopendata&utm_medium=nature&utm_content=KOP002269","152-080 서울 구로구 고척2동 산 9-14 ","08239 서울 구로구 고척로45길 31 (고척동, 고척시립도서관) ","02-2619-6640","","","","","1호선 개봉역 2번 출구에서 약 1.4km (도보 24분)"
"12993","ko","여의도 한강공원","https://korean.visitseoul.net/nature/여의도-한강공원소녀시대숲/KOP012993?utm_source=seoulopendata&utm_medium=nature&utm_content=KOP012993"," 서울특별시 영등포구 여의도동 윤중로 ","07231 서울특별시 영등포구 여의도 여의서로(윤중로) ","","https://hangang.seoul.go.kr/www/contents/669.do?mid=473","","","","5호선 여의나루역 3번 출구에서 약 213m (도보 3분)  "
"6606","ko","토성산성어울길","https://korean.visitseoul.net/nature/토성산성어울길/KOP006603?utm_source=seoulopendata&utm_medium=nature&utm_content=KOP006603"," 서울특별시 송파구 오륜동 몽촌토성"," 서울특별시 송파구 올림픽로 424  (방이동) 올림픽공원","02-2147-2000","","","","","8호선 몽촌토성역 1번 출구에서 약 341m (도보 6분)"
"4023","ko","잠실 한강공원","https://korean.visitseoul.net/nature/잠실-한강공원/KOP004023?utm_source=seoulopendata&utm_medium=nature&utm_content=KOP004023","138-220 서울 송파구 잠실동 1-1","138-220 서울특별시 송파구 한가람로 65  (잠실동) ","02-3780-0511","https://hangang.seoul.go.kr/archives/46639","","","","2, 8호선 잠실역 5번 출구에서 약 1.4km (도보 21분) "
"1755","ko","서대문독립공원","https://korean.visitseoul.net/nature/서대문독립공원/KOP001753?utm_source=seoulopendata&utm_medium=nature&utm_content=KOP001753","120-080 서울 서대문구 현저동 101일대","03732 서울시 서대문구 통일로 251 (현저동) ","02-3140-8305","https://sphh.sscmc.or.kr/#secondPage","24시간 연중무휴","","","3호선 독립문역 4, 5번 출구에서 약 150m (도보 2분)"
"1943","ko","용마폭포공원","https://korean.visitseoul.net/nature/용마폭포공원/KOP001943?utm_source=seoulopendata&utm_medium=nature&utm_content=KOP001943","131-812 서울 중랑구 면목동 산 1-4 ","02257 서울 중랑구 용마산로 250-12 (면목동, 용마폭포공원관리사무소) ","02-2094-2965","http://www.jungnang.go.kr/portal/main/contents.do?menuNo=200599","※ 인공폭포 가동기간 : 5~8월(4개월간) 탄력적운영 자세한 사항은 홈페이지를 참고해주세요.","월요일 ~ 일요일 ","","7호선 용마산역 1번 출구에서 약 325m (도보 6분)"
"3798","ko","백악(북악)산 (서울 한양도성)","https://korean.visitseoul.net/nature/북악산서울-한양도성/KOP003796?utm_source=seoulopendata&utm_medium=nature&utm_content=KOP003796","110-041 서울 종로구 누상동 산 1-3 일원","03038 서울 종로구 옥인6길 26-17 ","02-730-9924","https://www.instagram.com/seoulhikingtourism_official/","봄,가을(3~4월,9~10월)  07:00 - 18:00 (16시까지 입산) 여름(5~8월) 07:00 - 19:00 (17시까지 입산) 겨울(11~2월) 09:00 - 17:00 (15시까지 입산)","연중무휴","","3호선 경복궁역 3번 출구에서 7212, 7022, 1020 버스 탑승, 자하문고개.윤동주문학관 정류장 하차 후 북악산 정상까지 약 807m (도보 29분)"
"1789","ko","도산공원","https://korean.visitseoul.net/nature/도산공원/KOP001789?utm_source=seoulopendata&utm_medium=nature&utm_content=KOP001789","135-896 서울 강남구 신사동 649-9 649-9","06020 서울 강남구 도산대로45길 20 (도산전시관) ","02-3423-6285","","24시간 개방 * 도산 안창호 기념관 매일 10:00 ~ 18:00","월요일 ~ 일요일 ","도산 안창호 기념관 1월 1일, 명절 연휴 휴무 ","3호선 압구정역 3번 출구에서 약 882m (도보 14분)"
"35307","ko","중랑캠핑숲","https://korean.visitseoul.net/nature/중랑캠핑숲/KOP035307?utm_source=seoulopendata&utm_medium=nature&utm_content=KOP035307"," 서울 중랑구 망우동 76 ","02062 서울 중랑구 망우로87길 110 (망우동, 캠핑장관리소) 중랑캠핑장","0507-1349-8138","http://www.joongrangsoop.com/","캠핑장 입실 13:00 ~ 퇴실 익일 11:00 바베큐장 입실 11:00 ~ 퇴실 당일 21:00","매일","","1. 경의중앙선 : 양원역 2번출구에서 약 500m (도보 7분) 2. 6호선 : 봉화산역 4번출구에서 지선 2113번 버스로 양원역 방면으로 탑승 3. 7호선 : 상봉역 2번출구에서 간선 262번 버스 탑승 후 북부노인병원 정류장에서 하차"
"16322","ko","하늘공원 야경","https://korean.visitseoul.net/nature/하늘공원-야경/KOP016322?utm_source=seoulopendata&utm_medium=nature&utm_content=KOP016322","121-832 서울 마포구 상암동 482 ","03900 서울 마포구 하늘공원로 95 (상암동, 탐방객안내소) ","02-300-5501","http://parks.seoul.go.kr/template/sub/worldcuppark.do","매일 05:00~20:30  월마다 유동적 ※ 하늘공원은 서울시 야생동식물 보호구역으로 이용시민 안전과 시설물 보호를 위하여 야간이용 제한 (일몰시간에 따라 매달 통제시간이 달라지니 홈페이지에서 확인 부탁드립니다.)","","","6호선 월드컵경기장역 1번 출구에서 맹꽁이전동차 매표소까지 약 803m (도보 14분) 6호선 월드컵경기장역 1번 출구에서 하늘공원까지 약 1.9km (도보 43분) "
"42009","ko","남산예장공원","https://korean.visitseoul.net/nature/남산예장공원/KOP042009?utm_source=seoulopendata&utm_medium=nature&utm_content=KOP042009"," 서울 중구 예장동 4-1 ","04628 서울 중구 퇴계로26길 36 (예장동) ","","","","","","4호선 명동역 1번 출구에서 약 211m (도보 3분)"
"37529","ko","백련산","https://korean.visitseoul.net/nature/백련산/KOP037529?utm_source=seoulopendata&utm_medium=nature&utm_content=KOP037529"," 서울 서대문구 홍은동 ","03651 서울 서대문구 홍은동 등산로 입구마다 상이","","","","","","3호선 홍제역 3번 출구에서 서대문14 마을버스 탑승하여 삼성그린빌 정류장 하차 후 약 294m (도보 11분)"
"36989","ko","서초문화예술공원","https://korean.visitseoul.net/nature/서초문화예술공원/KOP036989?utm_source=seoulopendata&utm_medium=nature&utm_content=KOP036989"," 서울 서초구 양재동 200 ","06769 서울 서초구 바우뫼로12길 40 (양재동, 서초문화예술공원) ","02-2155-8601","https://www.seocho.go.kr/site/seocho/04/10405010200002015070703.jsp","","","","신분당선 양재시민의숲역 5번 출구에서 약 681m (도보 10분)"
"36971","ko","살곶이길","https://korean.visitseoul.net/nature/살곶이길/KOP036971?utm_source=seoulopendata&utm_medium=nature&utm_content=KOP036971"," 서울 성동구 성수동2가 284-108 광나룻길","04792 서울 성동구 광나루로 200 ","","","","","","2호선 용답역 2번 출구에서 약 355m (도보 7분)"
"2210","ko","몽촌토성","https://korean.visitseoul.net/nature/몽촌토성/KOP002210?utm_source=seoulopendata&utm_medium=nature&utm_content=KOP002210","138-050 서울 송파구 방이동 88","05540 서울특별시 송파구 올림픽로 424  (방이동) ","02-2147-2001","","몽촌토성  도보나 자전거 출입 : 05:00 ~ 22:00  차량 출입 : 06:00 ~ 22:00  몽촌역사관  09:00 ~ 18:00 ","매일","","8호선 몽촌토성역 1번 출구에서 약 1.1km (도보 18분)"
"12315","ko","현대원서공원","https://korean.visitseoul.net/nature/현대원서공원/KOP012311?utm_source=seoulopendata&utm_medium=nature&utm_content=KOP012311"," 서울 종로구 원서동 181 ","03058 서울특별시 종로구 창덕궁길 19 (원서동) ","02-731-0120","","","","","3호선 안국역 3번 출구에서 약 362m (도보 5분)"
"1562","ko","우장공원","https://korean.visitseoul.net/nature/우장공원/KOP001562?utm_source=seoulopendata&utm_medium=nature&utm_content=KOP001562"," 서울 강서구 내발산동 산 4-5 ","07647 서울 강서구 공항대로42길 51-22 (내발산동, 강서청소년회관) ","02-2600-4185","","","월요일~일요일","","5호선 발산역 5번 출구에서 약 1.1km (도보 23분) "
"39707","ko","효창공원","https://korean.visitseoul.net/nature/효창공원-/KOP039707?utm_source=seoulopendata&utm_medium=nature&utm_content=KOP039707"," 서울 용산구 효창동 255 ","04311 서울 용산구 효창원로 177-18 (효창공원) ","","","","매일","","경의중앙, 6호선 효창공원앞역 1번 출구에서 약 717m (도보 12분)"
"48636","ko","안양천","https://korean.visitseoul.net/nature/Anyangcheon/KOPxjlehm?utm_source=seoulopendata&utm_medium=nature&utm_content=KOPxjlehm"," 서울 영등포구 양평동 498 ","07277 서울 영등포구 양평동 498 ","","","","","","지하철 5호선 오목교역 5번 출구 465m"
"2100","ko","망우리공원","https://korean.visitseoul.net/nature/브이스파-롯데에비뉴엘본점/KOP002100?utm_source=seoulopendata&utm_medium=nature&utm_content=KOP002100"," 서울 중랑구 망우동 산 57-1 ","02178 서울 중랑구 망우로91길 2 (망우동) ","02-2094-6800","https://manguripark.or.kr/","","","","경의중앙선 양원역 2번 출구에서 약 1.5km (도보 29분)  "
"27688","ko","서래섬","https://korean.visitseoul.net/nature/서래섬/KOP027688?utm_source=seoulopendata&utm_medium=nature&utm_content=KOP027688","137-040 서울 서초구 반포동 115-5 ","06500 서울 서초구 신반포로11길 40 (반포동, 한강공원 반포 안내센터) ","02-3780-0541","","24시간","","연중무휴","9호선 신반포역 1번 출구에서 약 1.1km (도보 19분)"
"9991","ko","노을공원 캠핑장","https://korean.visitseoul.net/nature/노을공원-캠핑장/KOP009991?utm_source=seoulopendata&utm_medium=nature&utm_content=KOP009991"," 서울특별시 마포구 상암동 478-1"," 서울특별시 마포구 하늘공원로 108-1 ?(상암동) ","02-304-3213","","당일 14:00 ~ 다음날 12:00 (입장은 당일 22:00 이전까지 완료)","화요일 ~ 일요일 (4월 1일부터 11월 30일까지 운영) ","월요일 휴장 (월요일이 휴일인 경우 익일 휴장, 징검다리 연휴일인 경우 연휴 다음날 휴장)","6호선 월드컵경기장역 1번 출구에서 맹꽁이 전동차 매표소까지 약 814m (도보 15분)  노을공원 캠핑장까지 맹꽁이전기차 이용 "
"8020","ko","화랑로 낙엽거리","https://korean.visitseoul.net/nature/화랑로-낙엽거리/KOP008020?utm_source=seoulopendata&utm_medium=nature&utm_content=KOP008020","139-240 서울 노원구 공릉동 육군사관학교 일대","01805 서울특별시 노원구 공릉동 육군사관학교 일대 ","02-120","","","","","6호선 화랑대역 4번 출구에서 약 858m (도보 15분) "
"3599","ko","도봉산","https://korean.visitseoul.net/nature/도봉산/KOP003598?utm_source=seoulopendata&utm_medium=nature&utm_content=KOP003598","132-010 서울 도봉구 도봉동 경기 의정부시, 양주시 장흥면 일대","132-010 서울특별시 도봉구 도봉동 경기 의정부시, 양주시 장흥면 일대 ","02-954-2566","https://tour.dobong.go.kr/Contents.asp?code=10006251","07:30 ~ 18:00 (3월~10월) 08:00 ~ 17:00 (11월~2월)","매일","","1,7호선 도봉산역 1번 출구에서 약 552m (도보 10분) "
"36843","ko","금선사","https://korean.visitseoul.net/nature/금선사/KOP036843?utm_source=seoulopendata&utm_medium=nature&utm_content=KOP036843"," 서울 종로구 구기동 196-2 ","03000 서울 종로구 비봉길 137 (구기동, 금선사) ","02-395-9911","http://www.geumsunsa.org/","","","","3호선 경복궁역 3번 출구에서 7212 지선버스 탑승, 이북오도청 정류장에서 하차 후 약 1.1km (도보 34분)"
"47457","ko","서울 도심 등산관광센터(북악산)","https://korean.visitseoul.net/nature/2024-SHTCbukaksan/KOPt16elj?utm_source=seoulopendata&utm_medium=nature&utm_content=KOPt16elj"," 서울 종로구 삼청동 63-13 ","03053 서울 종로구 삼청로 88 (삼청동) 1층 ","1533-2158","https://www.seoulhiking.or.kr","09:00 - 18:00","수요일 ~ 월요일","화요일","5호선 광화문역 2번 출구에서 종로11번 버스 탑승 (약 10분 소요)"
"43382","ko","청계산 수변공원","https://korean.visitseoul.net/nature/CheonggyesanStreamWatersidePark/KOPv3l77y?utm_source=seoulopendata&utm_medium=nature&utm_content=KOPv3l77y"," 서울 서초구 신원동 283-1 ","06802 서울 서초구 청계산로9길 1-15 (신원동) ","","","","","","신분당선 청계산입구역 1번 출구에서 399m (도보 6분)"
"2087","ko","마로니에공원","https://korean.visitseoul.net/nature/Темплстей-в-храме-Хвагеса-/KOP002071?utm_source=seoulopendata&utm_medium=nature&utm_content=KOP002071"," 서울 종로구 동숭동 1-119 ","03086 서울 종로구 대학로 104 (동숭동) ","02-2148-4158","http://tour.jongno.go.kr/tour/tour/indvdlz/view.do?nttId=34651&menuId=400176&menuNo=400176","","","","4호선 혜화역 2번 출구에서 약 93m (도보 1분)"
"46433","ko","밤섬","https://korean.visitseoul.net/nature/2024-BamseomIsland/KOP0l726f?utm_source=seoulopendata&utm_medium=nature&utm_content=KOP0l726f"," 서울 마포구 신정동 74-1 ","04092 서울특별시 마포구 신정동 76-1 밤섬공원 ","02-3780-0793","","매일 09:00 - 17:00 ","","성탄절,신정,설날 휴무","밤섬 공원에서 조망 시 : 6호선 광흥창역 4번 출구에서 722m (도보 10분) 여의도 한강공원에서 조망 시 : 5호선 여의나루역 2번 출구에서 700m (도보 10분)"
"15060","ko","한강","https://korean.visitseoul.net/nature/한강/KOP015060?utm_source=seoulopendata&utm_medium=nature&utm_content=KOP015060","150-010 서울 영등포구 여의도동 2 ","07243 서울 영등포구 여의공원로 68 ","(주) 02-120 (야) 3780-0777","http://hangang.seoul.go.kr/","","","","5호선 여의나루역 1번 출구 도보 5분  5호선 여의도역 3번 출구 도보 5분"
"47238","ko","응봉산","https://korean.visitseoul.net/nature/2024-eungbong/KOPkxys7x?utm_source=seoulopendata&utm_medium=nature&utm_content=KOPkxys7x"," 서울 성동구 금호동4가 1539 ","04743 서울 성동구 독서당로 362 (응봉산팔각정 공중화장실) ","02-2286-6061","","24시간 운영 ","","","경의중앙선 응봉역 1번 출구에서 약 907m (도보 20분)  "
"2841","ko","망원 한강공원","https://korean.visitseoul.net/nature/망원-한강공원/KOP002841?utm_source=seoulopendata&utm_medium=nature&utm_content=KOP002841","121-230 서울 마포구 망원동 205-4","04005 서울특별시 마포구 마포나루길 467 (망원동) 한강공원망원지구사무소 ","02-3780-0601","https://hangang.seoul.go.kr/archives/46737","24시간","","","6호선 망원역 2번 출구에서 약 1.5km (도보 23분)"
"3968","ko","반포 한강공원","https://korean.visitseoul.net/nature/반포-한강공원/KOP003968?utm_source=seoulopendata&utm_medium=nature&utm_content=KOP003968","137-040 서울시 서초구 반포동 115-5 ","137-040 서울특별시 서초구 신반포로11길 39 (반포동) ","02-591-5943","https://hangang.seoul.go.kr/archives/46727","24시간   [달빛무지개분수 가동시간] 비수기(4~6월, 9~10월) : (매회 20분) 12:00, 19:30, 20:00, 20:30, 21:00 성수기(7~8월) : (매회 20분) 12:00, 19:30, 20:00, 20:30, 21:00, 21:30  *전력낭비예방을 위해 기상상황에 따라 분수 가동 중지","","","3, 9호선 고속터미널역 8-1번 출구에서 약 1.1km (도보 17분)"
"29797","ko","백사실계곡","https://korean.visitseoul.net/nature/백사실계곡/KOP029797?utm_source=seoulopendata&utm_medium=nature&utm_content=KOP029797","110-830 서울 종로구 신영동 115 ","03019 서울 종로구 세검정로6길 98 ","02-2148-2854","","","","","3호선 경복궁역 3번 출구에서 1711, 7018, 7016 지선버스 탑승, 자하문터널입구.석파정 정류장 하차하여 약 514m (도보 16분) "
"29239","ko","녹사평역 지하예술정원","https://korean.visitseoul.net/nature/녹사평역-지하예술정원/KOP029239?utm_source=seoulopendata&utm_medium=nature&utm_content=KOP029239","140-024 서울 용산구 용산동4가 4 ","04353 서울 용산구 녹사평대로 지하 195 (용산동4가, 6호선 녹사평역) ","02-794-5579","","","","","6호선 녹사평역에서 약 115m (도보 2분)"
"29945","ko","서소문역사공원","https://korean.visitseoul.net/nature/서소문역사공원/KOP029945?utm_source=seoulopendata&utm_medium=nature&utm_content=KOP029945","100-142 서울 중구 의주로2가 16-72 ","04510 서울 중구 칠패로 5 (서소문공원) ","02-313-7986","https://www.seosomun.org/retrieveContents.do?mCode=111","09:30~17:30","화요일~일요일","월요일","2,5호선 충정로역 4번 출구에서 약 477m (도보 8분)"
"11237","ko","마포대교 바람의 길 & 서울색공원 ","https://korean.visitseoul.net/nature/마포대교-바람의-길-서울색공원-K/KOP011234?utm_source=seoulopendata&utm_medium=nature&utm_content=KOP011234","150-010 서울 영등포구 여의도동 8 마포대교","07337 서울 영등포구 여의동로 330 (여의도동, 한강사업본부 여의도안내센터) ","02-3780-0561 (한강사업본부)","","","","","5호선 여의나루역 2번 출구에서 약 490m (도보 7분)"
"29798","ko","우이동계곡","https://korean.visitseoul.net/nature/우이동계곡/KOP029798?utm_source=seoulopendata&utm_medium=nature&utm_content=KOP029798","142-871 서울 강북구 우이동 234-1 ","01000 서울 강북구 삼양로181길 141-5 (우이산장) ","02-997-8365 (북한산국립공원 우이분소)","","","","","우이신설선 북한산우이역 1번 출구에서 약 1.5km (도보 26분)"
"29459","ko","배봉산근린공원","https://korean.visitseoul.net/nature/배봉산근린공원/KOP029459?utm_source=seoulopendata&utm_medium=nature&utm_content=KOP029459"," 서울 동대문구 전농동 산32-20 ","02509 서울 동대문구 한천로43길 22 (전농동) ","02-2127-4398","","","","","1호선, 경의중앙선 청량리역 4번 출구로 나와 청량리역환승센터(3번승강장)에서 2230 지선 버스 탑승, 배봉초등학교.전농우성아파트 정류장 하차 후 약 703m (도보 16분)"
"29800","ko","진관사계곡","https://korean.visitseoul.net/nature/진관사계곡/KOP029800?utm_source=seoulopendata&utm_medium=nature&utm_content=KOP029800","122-200 서울 은평구 진관동 354 ","03308 서울 은평구 진관길 73 (진관동, 진관사) ","","","","","","3호선 구파발역 2번 출구에서 7211번 버스 탑승 후 하나고,삼천사,진관사입구에서 하차. 진관사계곡까지 약 1.4km (도보 36분) "
"29802","ko","삼천사계곡","https://korean.visitseoul.net/nature/삼천사계곡/KOP029802?utm_source=seoulopendata&utm_medium=nature&utm_content=KOP029802","122-200 서울 은평구 진관동 산 25-2 ","03308 서울 은평구 연서로54길 127 (진관동, 삼천사) 인근","","","","","","3호선 구파발역 2번 출구에서 7211 지선버스 탑승, 하나고.삼천사.진관사입구 정류장에서 하차 후 약 1.7km (도보 36분)"
"3165","ko","수락산","https://korean.visitseoul.net/nature/수락산/KOP003165?utm_source=seoulopendata&utm_medium=nature&utm_content=KOP003165","139-200 서울 노원구 상계동 일대","139-200 서울특별시 노원구 상계동 일대 ","02-950-3900","","","","","7호선 수락산역 1번 출구에서 약 72m (도보 1분) 4호선 당고개역 5번 출구에서 약 291m (도보 6분)"
"2287","ko","홍제천","https://korean.visitseoul.net/nature/홍제천/KOP002287?utm_source=seoulopendata&utm_medium=nature&utm_content=KOP002287","120-090 서울 서대문구 홍제동 종로구, 서대문구, 마포구 일대","120-090 서울특별시 서대문구 홍제동 종로구, 서대문구, 마포구 일대 ","02-330-1405","","음악분수(4월3일~10월31일) 4,5,9,10월 9:00 ~ 19:00 6,7,8월 8:00 ~ 20:00  인공폭포(4월3일~10월31일) 12:00 ~ 13:00 (1시간) 13:30 ~ 14:00 (30분) 14:30 ~ 15:00 (30분) 15:30 ~ 16:00 (30분) 16:30 ~ 17:00 (30분) 17:30 ~ 18:00 (30분)","","","6호선 마포구청역 7번 출구에서 약 633m (도보 10분)"
"43766","ko","뚝섬한강공원","https://korean.visitseoul.net/nature/TtukseomHangngRiverpark/KOPbdyynw?utm_source=seoulopendata&utm_medium=nature&utm_content=KOPbdyynw"," 서울 광진구 자양동 704-2 ","05097 서울 광진구 강변북로 2273 (한강공원뚝섬안내센터) ","02-3780-0521","https://hangang.seoul.go.kr/www/contents/654.do?mid=449","","","","7호선 자양역 2번 출구에서 약 438m (도보 7분)"
"2263","ko","감로천 생태공원 ","https://korean.visitseoul.net/nature/감로천-생태공원/KOP002263?utm_source=seoulopendata&utm_medium=nature&utm_content=KOP002263","153-815 서울 금천구 독산4동 371?375, 373일대 ","08556 서울 금천구 독산로54길 188 (독산동, 금천구민문화체육센터) ","02-2627-2395","http://parks.seoul.go.kr/parks/detailView.do?pIdx=39","","","","신림, 2호선 신림역 4번 출구에서 관악10 마을버스 탑승, 아카시아마을.민방위교육장 정류장에서 하차 후 약 494m (도보 9분)  "
"2130","ko","고덕 수변생태공원","https://korean.visitseoul.net/nature/Оздоровительный-клуб?в-Vista-Walkerhill-Seoul/KOP002130?utm_source=seoulopendata&utm_medium=nature&utm_content=KOP002130","134-080 서울 강동구 고덕동 374-1 일대"," 서울특별시 강동구 고덕동 374-1 일대 ","02-426-0755","http://hangang.seoul.go.kr/archives/352","","","","5호선 고덕역 4번 출구에서 강동01 마을버스 탑승, 지식산업센터 정류장 하차 후 약 1km (도보 17분) "
"27397","ko","서울식물원","https://korean.visitseoul.net/nature/서울식물원/KOP027397?utm_source=seoulopendata&utm_medium=nature&utm_content=KOP027397"," 서울 강서구 마곡동 812 ","07789 서울 강서구 마곡동로 161 (마곡동, 서울식물원) ","02-2104-9716","botanicpark.seoul.go.kr","3~10월 09:30~18:00(17:00 입장 마감)   11~2월 09:30~17:00(16:00 입장 마감)","화요일~일요일  공원(열린숲, 호수원, 습지원) 연중무휴","월요일","9호선 공항철도 마곡나루역 3번 출구에서 약 524m (도보 8분) "
"39708","ko","춘당지","https://korean.visitseoul.net/nature/춘당지/KOP039629?utm_source=seoulopendata&utm_medium=nature&utm_content=KOP039629"," 서울 종로구 와룡동 2-1 ","03072 서울 종로구 창경궁로 185 (와룡동, 창경궁) "," 02-762-4868 ","http://cgg.cha.go.kr/agapp/public/html/HtmlPage.do?pg=/cgg/01/virtual_01.jsp&pageNo=79010000&siteCd=CGG","09:00 ~ 20:00 (매표 및 입장시간) 09:00 ~ 21:00 (관람시간)","화요일~일요일","매주 월요일 (휴무일이 공휴일일 경우 익일 휴무)","4호선 혜화역 4번 출구에서 약 994m (도보 16분)"
"4399","ko","관악산","https://korean.visitseoul.net/nature/관악산/KOP004398?utm_source=seoulopendata&utm_medium=nature&utm_content=KOP004398","151-019 서울 관악구 대학동 일대","151-019 서울특별시 관악구 대학동 일대 ","02-879-6549 ","http://www.gwanak.go.kr/site/gwanak/05/10503020100002016051205.jsp","","","","2호선 낙성대역 1번 출구에서 관악산 정상까지 약 4.4km (도보 2시간 26분) 신림선 관악산역 1번 출구에서 관악산 정상까지 약 4.5km (도보 2시간 4분) "
"28658","ko","소월길","https://korean.visitseoul.net/nature/소월길/KOP028658?utm_source=seoulopendata&utm_medium=nature&utm_content=KOP028658"," 서울 중구 남창동 51-1 ","04528 서울 중구 소월로 3 (남창동, 에티버스타워) ","","","","","","4호선 회현역 5번 출구에서 약 294m (도보 5분)"
"47462","ko","서울 도심 등산관광센터(북한산)","https://korean.visitseoul.net/nature/2024-SHTCbukhansan/KOPmt730g?utm_source=seoulopendata&utm_medium=nature&utm_content=KOPmt730g"," 서울 강북구 우이동 181-7 ","01002 서울 강북구 삼양로173길 52 (우이동, 광림빌딩) 광림빌딩 5층 ","1533-2608","https://www.seoulhiking.or.kr","09:00 - 18:00 ","화요일 ~ 일요일","월요일","우이신설선 북한산 우이역 2번 출구에서 약 300m(도보 5분)"
"1306","ko","용산가족공원","https://korean.visitseoul.net/nature/용산가족공원/KOP001306?utm_source=seoulopendata&utm_medium=nature&utm_content=KOP001306","140-026 서울 용산구 용산동6가 68-90 ","04383 서울 용산구 서빙고로 185 (용산공원) ","	02-792-5661","	http://munha.yongsan.go.kr/pms/contents/contents.do?contseqn=1018&sitecdv=S0000701&decorator=user07Ct&menucdv=01020200","연중 24시간 개방 ","월요일~일요일 ","","경의중앙, 4호선 이촌역 2번 출구에서 약 724m (도보 10분) 경의중앙선 서빙고역 1번 출구에서 약 678m (도보 11분) "
"48458","ko","옥류헌릴렉스","https://korean.visitseoul.net/nature/caferelax/KOPqpz1gt?utm_source=seoulopendata&utm_medium=nature&utm_content=KOPqpz1gt"," 서울 강북구 삼양로181길 142 옥류헌릴렉스 ","01000 서울 강북구 삼양로181길 142 옥류헌릴렉스 ","0507-1334-1829","https://www.instagram.com/cafe_relax._","11:00 ~ 21:30","매일","","우이신설역 북한산우이역 1번 출구에서 824m (도보 14분)"
"2161","ko","여의도 공원 ","https://korean.visitseoul.net/nature/Ritamville/KOP002161?utm_source=seoulopendata&utm_medium=nature&utm_content=KOP002161","150-010 서울 영등포구 여의도동 2 ","07243 서울 영등포구 여의공원로 68 (여의도동, 여의도공원관리사무소) ","02-761-4079","http://parks.seoul.go.kr/template/sub/yeouido.do","","","","5,9호선 여의도역 3번 출구에서 651m (도보 12분)"
"1625","ko","중랑천","https://korean.visitseoul.net/nature/중랑천/KOP001625?utm_source=seoulopendata&utm_medium=nature&utm_content=KOP001625"," 서울 중랑구 중화동 - 중랑천길"," 서울특별시 중랑구 중화동 중량천길 ","02-938-9520~1","http://jr1000ecocenter.nowon.kr/main.do","","","","7호선 중화 3번 출구 도보 10분 1호선 신이문 1번 출구 도보 10분 "
"379","ko","선유도 공원","https://korean.visitseoul.net/nature/선유도공원/KOP000378?utm_source=seoulopendata&utm_medium=nature&utm_content=KOP000378","150-040 서울 영등포구 당산동 1 ","07200 서울 영등포구 선유로 343 (당산동, 선유도공원) ","02-2631-9368","http://parks.seoul.go.kr/template/sub/seonyudo.do","공원 : 06:00 ~ 24:00  전시관 : 화요일~일요일 09:00~18:00 (동절기 09:00~17:00)","공원 : 월요일~일요일 전시관 : 화요일~일요일 ","","9호선 선유도역 2번 출구에서 782m (도보 13분)"
"1853","ko","어린이대공원","https://korean.visitseoul.net/nature/어린이대공원/KOP001852?utm_source=seoulopendata&utm_medium=nature&utm_content=KOP001852"," 서울시 광진구 능동 18 ","04991 서울특별시 광진구 능동로 216, 서울어린이대공원(능동) ","02-450-9311","http://www.sisul.or.kr/open_content/childrenpark/","05:00 ~ 22:00 10:00~17:00 (동물원 이용시간 /계절 및 날씨등에 따라 일부 변경될 수 있음.)","매일","","7호선 어린이대공원역 1번 출구에서 약 106m (도보 1분)"
"34","ko","청계천","https://korean.visitseoul.net/nature/청계천/KOP000034?utm_source=seoulopendata&utm_medium=nature&utm_content=KOP000034","110-110 서울 종로구 서린동 146 ","03187 서울 종로구 무교로 37 (서린동) ","02-2290-6114","https://www.sisul.or.kr/open_content/cheonggye/ ","","","","지하철 1호선 시청역 4번 출구, 384m (도보 6분)"
"2158","ko","매헌시민의 숲","https://korean.visitseoul.net/nature/HEDIHAUS/KOP002156?utm_source=seoulopendata&utm_medium=nature&utm_content=KOP002156","137-130 서울 서초구 양재2동 236","06773 서울특별시 서초구 매헌로 99 (양재동) ","02-575-3895","http://parks.seoul.go.kr/citizen","00:00 ~ 24:00","매일","","신분당선 양재시민의숲역 5번 출구에서 약 494m (도보 7분)   "
"28656","ko","백범광장공원","https://korean.visitseoul.net/nature/백범광장공원/KOP028656?utm_source=seoulopendata&utm_medium=nature&utm_content=KOP028656","100-873 서울 중구 회현동1가 100-5 ","04633 서울 중구 퇴계로8길 49-4 ","02-3783-5900","","","","","4호선 회현역 4번 출구에서 약 512m (도보 13분) 1,4호선, 경의중앙선, 공항철도 서울역 10번 출구에서 약 679m (도보 16분)"
"45692","ko","경춘선숲길","https://korean.visitseoul.net/nature/2024gcsforest/KOPi8pv19?utm_source=seoulopendata&utm_medium=nature&utm_content=KOPi8pv19"," 서울 노원구 공릉동 29-51 ","01802 서울 노원구 공릉동 29-51 ","02-3783-5977","","24시간 연중무휴","","","6호선 화랑대역 4번 출구에서 686m (도보 12분)"
"43387","ko","서초꽃마당","https://korean.visitseoul.net/nature/SeochoFlowerGarden/KOPsgywus?utm_source=seoulopendata&utm_medium=nature&utm_content=KOPsgywus"," 서울 서초구 신원동 294 ","06799 서울 서초구 청계산로7길 9-20 (신원동, 내곡중학교) 내곡중학교 앞 ","","","","","","신분당선 청계산입구역 1번 출구에서 약 399m (도보 6분)"
"3633","ko","남산공원","https://korean.visitseoul.net/nature/남산공원/KOP003631?utm_source=seoulopendata&utm_medium=nature&utm_content=KOP003631","140-190 서울 중구 예장동 산5-85 남산제1별관 ","04628 서울특별시 중구 삼일대로 231 ","02-3783-5900","http://parks.seoul.go.kr/namsan","상시개방","","","4호선 회현역 4분 출구에서 약 923m (도보 20분) 4호선 명동역 3번 출구에서 약 846m (도보 18분)"
"16324","ko","북악산 야경","https://korean.visitseoul.net/nature/북악산-야경/KOP016324?utm_source=seoulopendata&utm_medium=nature&utm_content=KOP016324"," 서울 종로구 평창동 산 6-17 ","03010 서울 종로구 북악산로 267 (평창동, 북악팔각정) ","02-730-9924","","봄,가을(3~4월,9~10월)  07:00 - 18:00 (16시까지 입산) 여름(5~8월) 07:00 - 19:00 (17시까지 입산) 겨울(11~2월) 09:00 - 17:00 (15시까지 입산)","매일","","3호선 경복궁역 3번 출구에서 7212, 7022, 1020 버스 탑승, 자하문고개.윤동주문학관 정류장 하차 후 북악산 정상까지 약 807m (도보 29분)"
"3701","ko","낙산공원","https://korean.visitseoul.net/nature/낙산공원/KOP003700?utm_source=seoulopendata&utm_medium=nature&utm_content=KOP003700","110-510 서울 종로구 동숭동 산 2-10 ","03085 서울 종로구 낙산길 41 (동숭동) ","02-743-7985","http://parks.seoul.go.kr/template/sub/naksan.do","낙산 전시관 09:00 ~ 18:00 (동절기 09:00 ~ 17:00) ※공원은 24시간 개방","","","4호선 혜화역 2번 출구에서 약 491m (도보 10분)  "
"38786","ko","응봉산 야경","https://korean.visitseoul.net/nature/응봉산-야경/KOP038786?utm_source=seoulopendata&utm_medium=nature&utm_content=KOP038786"," 서울 성동구 금호동4가 1539 ","04743 서울 성동구 독서당로 362 (응봉산팔각정 공중화장실) ","02-2286-6061","","00:00 ~ 24:00","매일","","경의중앙선 응봉역 1번 출구에서 약 886m (도보 19분)"
"31922","ko","노들섬","https://korean.visitseoul.net/nature/노들섬/KOP031922?utm_source=seoulopendata&utm_medium=nature&utm_content=KOP031922"," 서울 용산구 이촌동 302-146 노들섬","04427 서울 용산구 양녕로 445 (이촌동) 노들섬 ","+82-2-749-4500","http://nodeul.org/","하절기(3월~10월)화요일~금요일 10:00 - 21:00 / 주말.공휴일 10:00 - 22:00 동절기(11월~2월)화요일~일요일 10:00 - 20:00 야외공간24시간 개방","","","1) 1호선 용산역 1번출구에서 신용산역 정류장 (03-004) 이동-노들섬 방면 버스 탑승-노들섬 정류장 (03-340) 하차 후 약 125m (도보 3분) 2) 4호선 신용산역 3번출구에서  신용산역 정류장 (03-004) 이동-노들섬 방면 버스 탑승-노들섬 정류장 (03-340) 하차 후 약 125m (도보 3분) 3) 9호선 노들역 2번 출구에서 한강대교 방면으로 약 738m (도보 13분)"
"369","ko","북한산국립공원","https://korean.visitseoul.net/nature/북한산국립공원/KOP000369?utm_source=seoulopendata&utm_medium=nature&utm_content=KOP000369","136-855 서울 성북구 정릉동 산 1-1 ","02700 서울 성북구 보국문로34길 6-21 (정릉동) ","02-909-0497","http://bukhan.knps.or.kr","04:00 ~ 17:00 (3월~11월) 04:00 ~ 16:00 (12월~2월)","매일","","3호선 구파발역 2번 출구에서 양주37, 704번 버스 탑승, 북한산성입구 정류장 하차 후 약 563m (도보 10분)  "
"2027","ko","구암공원","https://korean.visitseoul.net/nature/首?克里森多酒店/KOP002027?utm_source=seoulopendata&utm_medium=nature&utm_content=KOP002027","157-807 서울 강서구 가양동 1471 ","07525 서울 강서구 허준로5길 42 (가양동, 구암공원관리사무실) ","02-2600-4196","","","","","9호선 가양역 1번 출구에서 약 741m (도보 11분) "
"37010","ko","광진숲나루","https://korean.visitseoul.net/nature/광진숲나루/KOP037010?utm_source=seoulopendata&utm_medium=nature&utm_content=KOP037010"," 서울 광진구 광장동 401-14 ","04982 서울 광진구 천호대로 760 (광장동, 광진숲나루 전망대 개방화장실) ","","","","","","5호선 광나루역 1번 출구에서 약 711m (도보 13분)"
"27691","ko","노을공원","https://korean.visitseoul.net/nature/노을공원/KOP027691?utm_source=seoulopendata&utm_medium=nature&utm_content=KOP027691","121-832 서울 마포구 상암동 481-6 ","03900 서울 마포구 하늘공원로 84 (상암동, 한국지역난방공사) ","02-300-5501","http://parks.seoul.go.kr/template/sub/worldcuppark.do","05:00 - 22:00 매달 운영시간 상이 (일출시~일몰시까지) *홈페이지 참조","","","6호선 월드컵경기장역 1번 출구에서 맹꽁이전동차 매표소까지 약 803m (도보 14분) 6호선 월드컵경기장역 1번 출구에서 노을공원까지 약 3.3km (도보 59분)"
"29796","ko","푸른수목원","https://korean.visitseoul.net/nature/푸른수목원/KOP029796?utm_source=seoulopendata&utm_medium=nature&utm_content=KOP029796","152-140 서울 구로구 항동 31 ","08361 서울 구로구 연동로 240 (항동, 푸른수목원) ","02-2686-3200","http://parks.seoul.go.kr/pureun","5:00~22:00 (축제 기간 및 행사 기간에 따라 변동될 수 있음)","매일","연중무휴","1호선 역곡역 1번 출구로 나와 역곡역 남부 정류장에서 6615 지선버스 탑승, 푸른수목원 정류장 하차 후 약 187m (도보 4분) "
"44732","ko","이화벽화마을","https://korean.visitseoul.net/nature/IhwaMuralVillage/KOPz90c1l?utm_source=seoulopendata&utm_medium=nature&utm_content=KOPz90c1l"," 서울 종로구 이화동 9-416 ","03088 서울 종로구 낙산4길 49 (이화동) ","","","","","","4호선 혜화역 2번 출구에서 약 765m (도보 14분)"
"45555","ko","마포새빛문화숲","https://korean.visitseoul.net/nature/2024-maposaebit/KOPjxg13l?utm_source=seoulopendata&utm_medium=nature&utm_content=KOPjxg13l"," 서울 마포구 당인동 1 ","04082 서울 마포구 토정로 56 ","","","24시간 연중무휴","","","6호선 상수역 4번 출구에서 703m (도보 10분)"
"45402","ko","양화한강공원","https://korean.visitseoul.net/nature/2024-yanghwahangang/KOPe5w2yc?utm_source=seoulopendata&utm_medium=nature&utm_content=KOPe5w2yc"," 서울 영등포구 당산동 98-1 양화안내센터","07231 서울 영등포구 노들로 221 (당산동, 한강공원 양화안내센터) 양화 안내센터","02-3780-0581~3","","연중무휴","","","9호선 선유도역 2번 출구에서 702m (도보 12분) "
"45701","ko","불빛정원(옛 화랑대역)","https://korean.visitseoul.net/nature/2024-nowonlightpark/KOPe3alnl?utm_source=seoulopendata&utm_medium=nature&utm_content=KOPe3alnl"," 서울 노원구 공릉동 29-4 ","01802 서울 노원구 화랑로 608 (공릉동) ","","","일몰 전 30분 ~ 오후 10시","화 - 일요일","월요일","6호선 화랑대역 4번 출구에서 878m (도보 15분)"
"35621","ko","마포구 메타세쿼이아 숲길","https://korean.visitseoul.net/nature/마포구-메타세쿼이아-숲길/KOP035621?utm_source=seoulopendata&utm_medium=nature&utm_content=KOP035621"," 서울 마포구 상암동 481-72 ","03900 서울 마포구 하늘공원로 95 (상암동, 탐방객안내소) 메타세쿼이아 숲길","","","연중무휴","","","6호선 마포구청역 8번 출구에서 약 2.2km (도보 37분)"
"2139","ko","올림픽공원","https://korean.visitseoul.net/nature/千年食香/KOP002139?utm_source=seoulopendata&utm_medium=nature&utm_content=KOP002139","138-749 서울 송파구 방이동 88 ","05540 서울 송파구 올림픽로 424 (방이동, 올림픽공원) ","02-410-1114","https://www.ksponco.or.kr/olympicpark/","05:00~22:00 도보나 자전거 출입 (광장지역은 24:00)  06:00~22:00 차량 출입 ※ 시설물 안전과 방문객의 신변보호를 위해 22시 이후에는 공원 안쪽으로의     출입을 금합니다. ","월요일 ~ 일요일","연중무휴","5,9호선 올림픽공원역 4번 출구에서 약 1100m (도보 19분) "
"29458","ko","솔밭근린공원","https://korean.visitseoul.net/nature/솔밭근린공원/KOP029458?utm_source=seoulopendata&utm_medium=nature&utm_content=KOP029458","142-892 서울 강북구 우이동 80 ","01007 서울 강북구 삼양로 561 (우이동, 솔밭공원 관리실및화장실) ","02-901-6939","","","","","우이신설선 4.19민주묘지역 2번 출구에서 약 278m (도보 4분)"
"37130","ko","일자산허브천문공원","https://korean.visitseoul.net/nature/일자산허브천문공원/KOP037130?utm_source=seoulopendata&utm_medium=nature&utm_content=KOP037130"," 서울 강동구 둔촌동 산86 ","134-060 서울 강동구 둔촌동 산86 ","","http://cafe.daum.net/herbparks/","","","","9호선 중앙보훈병원역 3번 출구에서 342 간선버스, 2312 지선버스 탑승하여 길동자연생태공원 정류장 하차 후 약 296m (도보 7분)"
"15873","ko","서울 둘레길 코스 안내","https://korean.visitseoul.net/nature/서울-둘레길-코스-안내/KOP015873?utm_source=seoulopendata&utm_medium=nature&utm_content=KOP015873"," 서울 도봉구 도봉동 4-1 ","01318 서울 도봉구 마들로 916 (도봉동, 방문자센터) ","02-779-7902~4","","","","",""
"37952","ko","수성동계곡","https://korean.visitseoul.net/nature/수성동-계곡/KOP037952?utm_source=seoulopendata&utm_medium=nature&utm_content=KOP037952"," 서울 종로구 옥인동 185-3 ","03034 서울 종로구 옥인동 185-3 수성동 계곡","02-2148-2844","","24시간, 연중무휴","","","3호선 경복궁역 3번 출구에서 종로09 버스 탑승하여 박노수미술관 정류장 하차 후 약 406m (도보 10분)"
"4928","ko","서서울호수공원","https://korean.visitseoul.net/nature/서서울호수공원/KOP004924?utm_source=seoulopendata&utm_medium=nature&utm_content=KOP004924","158-829 서울 양천구 신월동 149-20 공원관리사무소","07916 서울 양천구 남부순환로64길 20 (신월동, 공원관리사무소) ","02-2604-3004","http://parks.seoul.go.kr/template/sub/lakepark.do","","월요일~일요일","","2,5호선 까치산역 4번 출구에서 653번 간선버스 탑승, 서서울호수공원 정류장에서 하차 후 약 149m (도보 2분)  "
"2909","ko","잠원 한강공원","https://korean.visitseoul.net/nature/잠원-한강공원/KOP002909?utm_source=seoulopendata&utm_medium=nature&utm_content=KOP002909","137-030 서울시 서초구 잠원동 121 한강공원잠원안내센터 ","06513 서울특별시 서초구 잠원로 221-124 (잠원동) 한강공원잠원안내센터 ","02-3780-0531","https://hangang.seoul.go.kr/archives/46678","","","","3호선 잠원역 4번 출구에서 약 1.2km (도보 20분) "
"16327","ko","선유도 야경","https://korean.visitseoul.net/nature/선유도-야경/KOP016327?utm_source=seoulopendata&utm_medium=nature&utm_content=KOP016327","150-040 서울 영등포구 당산동 1 ","07200 서울 영등포구 선유로 343 (당산동, 선유도공원) ","02-2631-9368","http://parks.seoul.go.kr/template/sub/seonyudo.do","06:00 ~ 24:00 ","매일","","9호선 선유도역 2번 출구에서 782m (도보 13분)"
"16328","ko","석촌호수 야경","https://korean.visitseoul.net/nature/석촌호수-야경/KOP016328?utm_source=seoulopendata&utm_medium=nature&utm_content=KOP016328"," 서울 송파구 잠실동 47 서울놀이마당 ","05608 서울 송파구 삼학사로 136 (잠실동) ","02-412-0190","","매일","","","2, 8호선 잠실역 2번 출구에서 약 280m (도보 5분)"
"16321","ko","남산서울타워 야경","https://korean.visitseoul.net/nature/남산서울타워-야경/KOP016321?utm_source=seoulopendata&utm_medium=nature&utm_content=KOP016321","140-022 서울 용산구 용산동2가 산 1-3 ","04340 서울 용산구 남산공원길 105 (용산동2가, YTN서울타워) ","02-3455-9277","https://www.seoultower.co.kr/","평일 10:00-22:30 주말 및 공휴일 10:00-23:00 * 마감시간 30분 전까지 입장 가능 * 레스토랑 운영시간은 매장마다 상이하므로 홈페이지 참고","월요일~일요일","연중무휴","3, 4호선 충무로역 또는 3호선 동대입구역에서 순환버스 01번(남산순환) 탑승, '남산서울타워' 정류장 하차 후 약 357m ( 도보 8분)  서울시티투어버스 탑승 후 'N서울타워' 정류장 하차"
"27690","ko","봉산 ","https://korean.visitseoul.net/nature/봉산/KOP027690?utm_source=seoulopendata&utm_medium=nature&utm_content=KOP027690","122-807 서울 은평구 구산동 산 135-8 ","03424 서울 은평구 서오릉로23길 8-5 (수국사) ","02-351-6114","https://eptour.kr/v2/layout/contents_view.php?b_um=03&m_um=01&s_um=01&t_um=01","","","","6호선 구산역 4번 출구에서 7720 지선버스 탑승, 선진운수종점 하차 후 봉산 정상까지 약 1.4km (도보 37분) "
"36973","ko","서순라길","https://korean.visitseoul.net/nature/서순라길/KOP036973?utm_source=seoulopendata&utm_medium=nature&utm_content=KOP036973"," 서울 종로구 봉익동 1-1 ","03134 서울 종로구 서순라길 75 (봉익동) ","","","","","","지하철 1, 3, 5호선 종로3가역 7번 출구, 약 250m (도보 5분)"
"2119","ko","월드컵공원","https://korean.visitseoul.net/nature/HEIDIHAUS/KOP002116?utm_source=seoulopendata&utm_medium=nature&utm_content=KOP002116","121-250 서울특별시 마포구 상암동 481-6 ","03900  서울특별시 마포구 하늘공원로 86 "," 02-300-5500","http://parks.seoul.go.kr/template/sub/worldcuppark.do","평화의 공원, 난지천공원, 난지한강공원은 상시개방 하늘공원, 노을공원은 일몰시간+2시간부터 공원 통제   (매달 통제시간이 다르니 홈페이지에서 확인 바랍니다.)","","","6호선 월드컵경기장역 1번 출구에서 약 565m (도보 10분) 6호선 마포구청역 8번 출구에서 약 637m (도보 11분)"
"37532","ko","지양산","https://korean.visitseoul.net/nature/지양산/KOP037532?utm_source=seoulopendata&utm_medium=nature&utm_content=KOP037532"," 서울 양천구 신월동  ","08037 서울 양천구 신월동  산 158-1","","","","","","2호선 선정네거리역 하차 후 98번 버스 탑승하여 신정이펜하우스1단지아파트 정류장에서 하차, 약 332m (도보 5분) "
"2429","ko","양재천&탄천","https://korean.visitseoul.net/nature/양재천탄천/KOP002429?utm_source=seoulopendata&utm_medium=nature&utm_content=KOP002429","135-090 서울특별시 서초구 대치동 양재천 , 서울특별시 송파구 삼전동 탄천 ","  ","02-2155-7153","http://www.seocho.go.kr/site/seocho/04/10405011000002015070703.jsp","","","","수인분당, 3호선 도곡역 3번 출구에서 약 564m (도보 10분) "
"3617","ko","이촌 한강공원","https://korean.visitseoul.net/nature/이촌-한강공원/KOP003617?utm_source=seoulopendata&utm_medium=nature&utm_content=KOP003617","140-031 서울시 용산구 이촌동 302-17 ","140-031 서울특별시 용산구 이촌로72길 62  (이촌동) ","02-3780-0551","https://hangang.seoul.go.kr/archives/46695","","","","경의중앙, 4호선 이촌역 4번 출구에서 약 1.2km (도보 18분) "
"1981","ko","중랑천 제방","https://korean.visitseoul.net/nature/하이메디/KOP001981?utm_source=seoulopendata&utm_medium=nature&utm_content=KOP001981","01770 서울 중랑구 면목동 일대","01770 서울 중랑구 면목동 일대 ","02-938-9520","https://www.jrecocenter.or.kr/","","","","지하철 7호선 중화역 3번 출구, 약 685m (도보 11분) 지하철 1호선 신이문역 3번 출구, 약 523m (도보 8분) 지하철 1호선 외대앞역 2번 출구, 약 697m (도보 9분)"
"1840","ko","서울숲","https://korean.visitseoul.net/nature/서울숲/KOP001838?utm_source=seoulopendata&utm_medium=nature&utm_content=KOP001838"," 서울시 성동구 성수동1가 685-20 ","04770 성동구 뚝섬로 273(성수동1가, 동부공원여가센터) ","02-460-2905","https://parks.seoul.go.kr/","서울숲은 24시간 개방합니다. 생태숲 : 05:30~21:30 (생태보전구역) 곤충식물원 : 10:00~17:00 (매주 월 휴관) / 동절기(11~4월) 단축운영 11:00~16:00 (3시30분까지 입장가능, 매주 월 휴관)  나비정원 : 10:00~17:00 (5~10월 운영, 매주 월 휴관) 생태학습장 : 프로그램 운영 시 개장 바닥분수 가동시간 : 5~9월 가동(월요일 정기점검)                               -5~6월,9월 : 1,2,3,4시, 30분씩 4회                               -7~8월 : 12,1,2,3,4시, 30분씩 5회 방문자센터 : 연중 무휴, (1~11월) 10:00~18:00 / 동절기(11~2월) 10:00~17:00                      휠체어, 유모차, 보행보조차 대여: 최대 2시간 무료대여(※ 신분증 필요) 커뮤니티센터 : 프로그램 및 전시 등의 운영시 개장","월요일~일요일","연중무휴","지하철 2호선 뚝섬역 8번 출구, 537m (도보 10분) 지하철 수인분당선 서울숲역 3,4번 출구, 242m (도보 3분)  "
"47452","ko","서울 도심 등산관광센터(관악산) ","https://korean.visitseoul.net/nature/2024-SHTCgwanaksan/KOP610oon?utm_source=seoulopendata&utm_medium=nature&utm_content=KOP610oon"," 서울 관악구 신림동 211 ","08825 서울 관악구 신림로 23 (신림동) 관악산역 역사내 ","1533-2162","https://www.seoulhiking.or.kr","09:00 - 18:00","목요일 ~ 화요일","수요일","신림선 관악산역 1번 출구 역사내"
"32823","ko","개화산 ","https://korean.visitseoul.net/nature/개화산/KOP032823?utm_source=seoulopendata&utm_medium=nature&utm_content=KOP032823","157-220 서울 강서구 방화동 846 개화산 ","07601 서울 강서구 양천로 22 (방화동, 개화산역) 개화산 ","02-2600-4183","","","","","5호선 개화산역 2번 출구에서 산 정상까지 약 1.2Km (도보 30분)"
"42170","ko","어린이대공원 꿈마루","https://korean.visitseoul.net/nature/어린이대공원-꿈마루/KOP042170?utm_source=seoulopendata&utm_medium=nature&utm_content=KOP042170"," 서울 광진구 능동 18 ","04991 서울 광진구 능동로 216 (능동, 어린이대공원) ","02-450-9311","","카페는 별도 확인 필요","","","7호선 어린이대공원역 1번 출구에서 약 434m (도보 7분)"
"16326","ko","매봉산 야경","https://korean.visitseoul.net/nature/매봉산-야경/KOP016326?utm_source=seoulopendata&utm_medium=nature&utm_content=KOP016326"," 서울 성동구 옥수동 산 5-164 매봉산 공원","04731 서울 중구 신당동 산 51 매봉산공원 ","","","","","","6호선 버티고개역 3번 출구에서 약 581m (도보 10분)"
"3840","ko","인왕산","https://korean.visitseoul.net/nature/인왕산/KOP003840?utm_source=seoulopendata&utm_medium=nature&utm_content=KOP003840","110-080 서울 종로구 무악동 산 2","110-080 서울특별시 종로구 통일로18가길 20  (무악동) ","02-2148-2834~5","","","매일","","3호선 독립문역 3-1번 출구에서 약 825m (도보 20분)"
"3828","ko","불암산","https://korean.visitseoul.net/nature/불암산/KOP003828?utm_source=seoulopendata&utm_medium=nature&utm_content=KOP003828","139-200 서울특별시 노원구 중계동 산26 불암산공원관리실 ","01716 서울특별시 노원구 덕릉로94길 73 (중계동) ","02-950-3395","https://www.nowon.kr/www/info/info1/info1_02.jsp","","","","4호선 상계역 1번 출구에서 불암산 공원관리소까지 약 654m (도보 13분) "
"3833","ko","하늘공원","https://korean.visitseoul.net/nature/하늘공원/KOP003830?utm_source=seoulopendata&utm_medium=nature&utm_content=KOP003830","03900 서울 마포구 상암동 482 ","03900 서울 마포구 하늘공원로 95 (탐방객안내소) ","02-300-5501","http://parks.seoul.go.kr/template/sub/worldcuppark.do","※ 매일 05:00~20:30  (월마다 유동적) (일몰시간 고려해서 매달 통제시간이 달라지므로 홈페이지 확인 필수) ","","","6호선 월드컵경기장역 1번 출구에서 맹꽁이전동차 매표소까지 약 803m (도보 14분) 6호선 월드컵경기장역 1번 출구에서 하늘공원까지 약 1.9km (도보 43분) "
"37160","ko","경의선 숲길","https://korean.visitseoul.net/nature/경의선-숲길/KOP037160?utm_source=seoulopendata&utm_medium=nature&utm_content=KOP037160"," 서울시 마포구 연남동 "," 서울시 마포구 연남동 ","","","","","","지하철 2호선,공항철도,경의중앙선 홍대입구역 3번 출구, 약 447m (도보 7분)"
"2189","ko","보라매공원","https://korean.visitseoul.net/nature/聖水連邦/KOP002189?utm_source=seoulopendata&utm_medium=nature&utm_content=KOP002189","156-849 서울 동작구 신대방동 395 ","07062 서울 동작구 여의대방로20길 33 (신대방동, 보라매공원) ","02-2181-1114","http://parks.seoul.go.kr/template/sub/boramae.do","공원 상시개방 보라매공원 정문주차장 09:00~ 22:00","","","신림선 보라매병원역 1번 출구에서 보라매공원 동문까지 약 69m (도보 1분) "
"35072","ko","난지천공원","https://korean.visitseoul.net/nature/난지천공원/KOP035072?utm_source=seoulopendata&utm_medium=nature&utm_content=KOP035072"," 서울 마포구 상암동 1538 ","03900 서울 마포구 월드컵로 365 (난지천공원 잔디광장매점) 난지천공원 주차장","","","","","","6호선 월드컵경기장역 4번 출구에서 약 696m (도보 13분)"
"16320","ko","낙산공원 야경","https://korean.visitseoul.net/nature/낙산공원-야경/KOP016320?utm_source=seoulopendata&utm_medium=nature&utm_content=KOP016320"," 서울 종로구 동숭동 산 2-10 ","03085 서울 종로구 낙산길 41 (동숭동) ","02-743-7985","http://parks.seoul.go.kr/template/sub/naksan.do","","","","4호선 혜화역 2번 출구에서 약 627m (도보 14분)"
"37364","ko","안산","https://korean.visitseoul.net/nature/안산/KOP037364?utm_source=seoulopendata&utm_medium=nature&utm_content=KOP037364"," 서울 서대문구 봉원동 산 2-1 ","03721  ","","","","","","3호선 무악재역 4번 출구에서 약 633m (도보 16분) "